aposta,pt
"aposta ao vivo",pt
"aposta basquete",pt
"aposta de futebol",pt
"aposta de futebol online",pt
"aposta de jogos",pt
"aposta esportiva",pt
"aposta esportiva online",pt
"aposta esportivas",pt
"aposta esportivas online",pt
"aposta futebol",pt
"aposta futebol online",pt
"aposta jogos",pt
"aposta mma",pt
"aposta on line",en
"aposta online",pt
"aposta online brasileiro",pt
"aposta online futebol",pt
"apostar em esportes brasil",pt
"apostar em futebol",pt
"apostar em jogos de futebol",pt
"apostar em tênis",pt
"apostar futebol",pt
apostas,pt
"apostas ao vivo",pt
"apostas basquete",pt
"apostas copa do brasil",pt
"apostas de futebol",pt
"apostas de futebol online",pt
"apostas de jogos",pt
"apostas de jogos de futebol",pt
"apostas em futebol",pt
"apostas em jogos de futebol",pt
"apostas esportivas",pt
"apostas esportivas brasil",pt
"apostas esportivas no brasil",pt
"apostas esportivas online",pt
"apostas futebol",pt
"apostas futebol brasileiro",pt
"apostas on line",pt
"apostas online",pt
"apostas online futebol",pt
"apostas tênis",pt
"apostas tenis",pt
apuesta,es
"apuesta riesgo",es
"apuestas bet365",es
"apuestas boxeo",es
"apuestas bwin",es
"apuestas champions league",es
"apuestas combinadas",es
"apuestas con handicap",es
"apuestas de caballos",es
"apuestas de futbol",es
"apuestas de futbol pronosticos",es
"apuestas deportivas",es
"apuestas deportivas caliente",es
"apuestas deportivas en internet",es
"apuestas deportivas futbol",es
"apuestas deportivas gratis",es
"apuestas deportivas mexico",es
"apuestas deportivas nba",es
"apuestas deportivas nfl",es
"apuestas deportivas online",es
"apuestas deportivas online mexico",es
"apuestas deportivas pronosticos",es
"apuestas deportivas.com",es
"apuestas en linea",es
"apuestas en linea mexico",es
"apuestas en mexico",es
"apuestas en vivo",es
"apuestas futbol americano",es
"apuestas futbol liga",es
"apuestas futbol mexicano",es
"apuestas gratis",es
"apuestas hockey sobre hielo",es
